


SET statement_timeout = 0;
SET lock_timeout = 0;
SET idle_in_transaction_session_timeout = 0;
SET client_encoding = 'UTF8';
SET standard_conforming_strings = on;
SELECT pg_catalog.set_config('search_path', '', false);
SET check_function_bodies = false;
SET xmloption = content;
SET client_min_messages = warning;
SET row_security = off;


INSERT INTO public.companies (id, name, rut, contact_email, status, sector, created_at, updated_at) VALUES ('dd28931b-c0d1-4c8b-a1b5-85ada9390657', 'Turismo Andes', '76.234.567-8', 'info@turismoandes.cl', 'ACTIVE', 'TURISMO', '2025-10-02 20:16:41.204462+00', '2025-10-02 20:16:41.204462+00');
INSERT INTO public.companies (id, name, rut, contact_email, status, sector, created_at, updated_at) VALUES ('6c2b7ad0-2629-4b1b-9e3e-0d90bbf1a212', 'Minera del Norte', '96.345.678-9', 'contacto@mineranorte.cl', 'ACTIVE', 'MINERIA', '2025-10-02 20:16:41.204462+00', '2025-10-02 20:16:41.204462+00');
INSERT INTO public.companies (id, name, rut, contact_email, status, sector, created_at, updated_at) VALUES ('17a55804-4644-46ea-a28f-5c4efc8fbf67', 'Turivo ok', '76.123.456-7', 'contacto@turivo.com', 'ACTIVE', 'TURISMO', '2025-10-02 20:16:41.204462+00', '2025-10-11 01:27:02.539805+00');



INSERT INTO public.users (id, name, email, password_hash, role, status, org_id, created_at, updated_at, company_profile) VALUES ('4999dcea-9508-4452-9c5a-bbaf201808ff', 'Admin Sistema', 'admin@turivo.com', '$2a$10$9pjpOYuBh0O/loXHGwBOg.l6hrmZHtsae/2UqhD23ff4O5nTwgymC', 'ADMIN', 'ACTIVE', NULL, '2025-10-02 20:16:41.204462+00', '2025-10-02 20:16:41.204462+00', NULL);
INSERT INTO public.users (id, name, email, password_hash, role, status, org_id, created_at, updated_at, company_profile) VALUES ('4323f59c-d1f4-4cff-a693-fb210a9d68a0', 'Cliente Demo', 'cliente@demo.com', '$2a$10$9pjpOYuBh0O/loXHGwBOg.l6hrmZHtsae/2UqhD23ff4O5nTwgymC', 'USER', 'ACTIVE', NULL, '2025-10-02 20:16:41.204462+00', '2025-10-02 20:16:41.204462+00', NULL);
INSERT INTO public.users (id, name, email, password_hash, role, status, org_id, created_at, updated_at, company_profile) VALUES ('a39fe240-a9f9-4947-8055-2aabdb14c29f', 'Juan Pérez', 'juan@turivo.com', '$2a$10$9pjpOYuBh0O/loXHGwBOg.l6hrmZHtsae/2UqhD23ff4O5nTwgymC', 'COMPANY', 'ACTIVE', '17a55804-4644-46ea-a28f-5c4efc8fbf67', '2025-10-02 20:16:41.204462+00', '2025-10-03 03:55:11.032901+00', 'COMPANY_ADMIN');
INSERT INTO public.users (id, name, email, password_hash, role, status, org_id, created_at, updated_at, company_profile) VALUES ('c36f9105-1bec-4334-bc0a-8c41b07f0285', 'María González', 'maria@turismoandes.cl', '$2a$10$9pjpOYuBh0O/loXHGwBOg.l6hrmZHtsae/2UqhD23ff4O5nTwgymC', 'COMPANY', 'ACTIVE', 'dd28931b-c0d1-4c8b-a1b5-85ada9390657', '2025-10-02 20:16:41.204462+00', '2025-10-03 03:55:11.032901+00', 'COMPANY_ADMIN');
INSERT INTO public.users (id, name, email, password_hash, role, status, org_id, created_at, updated_at, company_profile) VALUES ('e2b48993-e03f-4fc4-a134-9fac83d240ac', 'Test Driver', 'test@driver.com', 'temp_hash', 'DRIVER', 'ACTIVE', NULL, '2025-10-25 03:34:42.594163+00', '2025-10-25 03:34:42.594163+00', NULL);
INSERT INTO public.users (id, name, email, password_hash, role, status, org_id, created_at, updated_at, company_profile) VALUES ('b8ecbbed-4b60-47dd-ba15-fd7bd6ef0ce9', 'Nuevo Conductor', 'nuevo@conductor.com', 'temp_hash', 'DRIVER', 'ACTIVE', NULL, '2025-10-25 03:35:03.004314+00', '2025-10-25 03:35:03.004314+00', NULL);
INSERT INTO public.users (id, name, email, password_hash, role, status, org_id, created_at, updated_at, company_profile) VALUES ('2516493d-9919-4174-afe1-3a479b624bc8', 'Test Token', 'test@token.com', 'temp_hash', 'DRIVER', 'ACTIVE', NULL, '2025-10-25 03:36:31.413637+00', '2025-10-25 03:36:31.413637+00', NULL);
INSERT INTO public.users (id, name, email, password_hash, role, status, org_id, created_at, updated_at, company_profile) VALUES ('0114d672-5c03-4780-b19a-a278fb7f0238', 'Final Test', 'final@test.com', 'temp_hash', 'DRIVER', 'ACTIVE', NULL, '2025-10-25 03:37:20.880708+00', '2025-10-25 03:37:20.880708+00', NULL);
INSERT INTO public.users (id, name, email, password_hash, role, status, org_id, created_at, updated_at, company_profile) VALUES ('e155ddb8-d7c6-447b-80d0-66bc43914198', 'Token Test', 'token@test.com', 'temp_hash', 'DRIVER', 'ACTIVE', NULL, '2025-10-25 03:39:57.329038+00', '2025-10-25 03:39:57.329038+00', NULL);
INSERT INTO public.users (id, name, email, password_hash, role, status, org_id, created_at, updated_at, company_profile) VALUES ('dfc0ded4-5493-4045-ac4f-794fa5a08e53', 'Token Debug', 'token@debug.com', 'temp_hash', 'DRIVER', 'ACTIVE', NULL, '2025-10-25 03:40:33.685947+00', '2025-10-25 03:40:33.685947+00', NULL);
INSERT INTO public.users (id, name, email, password_hash, role, status, org_id, created_at, updated_at, company_profile) VALUES ('2c72496b-bdc5-4dff-86e6-3b75e912905f', 'Test Complete', 'test@complete.com', '$2a$10$kVbYqnnJQr4L4BSAT7RaKeQS1PBH7CcLd4IiEySAsYF.LN4FZKuMy', 'DRIVER', 'ACTIVE', NULL, '2025-10-25 03:46:20.550087+00', '2025-10-25 03:47:43.536132+00', NULL);
INSERT INTO public.users (id, name, email, password_hash, role, status, org_id, created_at, updated_at, company_profile) VALUES ('0bb4896a-8d3b-4273-9c68-aa7fc572279c', 'Juan Pérez', 'juan.perez@test.com', 'temp_hash', 'DRIVER', 'ACTIVE', NULL, '2025-10-25 04:57:43.502503+00', '2025-10-25 04:57:43.502503+00', NULL);
INSERT INTO public.users (id, name, email, password_hash, role, status, org_id, created_at, updated_at, company_profile) VALUES ('bfd6036f-b1c6-420c-b782-c1e7e918a27b', 'Sistema Turivo', 'system@turivo.com', '$2y$10$6PeOWiC0L.SbItNa3E5YVuZmaOUya76CBB3wa7yYFeg9tAOmEHlPm', 'ADMIN', 'ACTIVE', NULL, '2025-10-25 18:53:16.669996+00', '2025-10-25 19:55:10.505571+00', NULL);
INSERT INTO public.users (id, name, email, password_hash, role, status, org_id, created_at, updated_at, company_profile) VALUES ('328d2373-40e3-40ba-b42e-f629d8efb445', 'Usuario Test Registro', 'usuario.registro@test.com', '$2a$10$ALwTC1f23uARtlPgS8O26.qRUxkm9.WGXrrUhnW9fTY60KV9baiN.', 'USER', 'ACTIVE', NULL, '2025-10-25 20:35:09.130544+00', '2025-10-25 20:35:09.130544+00', NULL);



INSERT INTO public.drivers (id, first_name, last_name, rut_or_dni, birth_date, phone, email, photo_url, status, created_at, updated_at, user_id, company_id, vehicle_id) VALUES ('DRV001', 'Juan', 'Pérez', '12345678-9', NULL, '+56912345678', 'juan.perez@turivo.com', NULL, 'ACTIVE', '2025-10-24 03:40:22.231718+00', '2025-10-24 03:40:22.231718+00', NULL, NULL, NULL);
INSERT INTO public.drivers (id, first_name, last_name, rut_or_dni, birth_date, phone, email, photo_url, status, created_at, updated_at, user_id, company_id, vehicle_id) VALUES ('DRV002', 'María', 'González', '98765432-1', NULL, '+56987654321', 'maria.gonzalez@turivo.com', NULL, 'ACTIVE', '2025-10-24 03:40:22.231718+00', '2025-10-24 03:40:22.231718+00', NULL, NULL, NULL);
INSERT INTO public.drivers (id, first_name, last_name, rut_or_dni, birth_date, phone, email, photo_url, status, created_at, updated_at, user_id, company_id, vehicle_id) VALUES ('DRV-1761363000000', 'Nuevo', 'Conductor', '987654321', NULL, '+56987654321', 'nuevo@conductor.com', NULL, 'ACTIVE', '2025-10-25 03:35:03.008869+00', '2025-10-25 03:35:03.008869+00', NULL, NULL, NULL);
INSERT INTO public.drivers (id, first_name, last_name, rut_or_dni, birth_date, phone, email, photo_url, status, created_at, updated_at, user_id, company_id, vehicle_id) VALUES ('DRV003', 'Carlos', 'Rodríguez', '11223344-5', NULL, '+56911223344', 'carlos.rodriguez@turivo.com', NULL, 'ACTIVE', '2025-10-24 03:40:22.231718+00', '2025-10-26 18:43:07.941679+00', NULL, NULL, NULL);
INSERT INTO public.drivers (id, first_name, last_name, rut_or_dni, birth_date, phone, email, photo_url, status, created_at, updated_at, user_id, company_id, vehicle_id) VALUES ('DRV-1761368724331', 'Diego', 'Jara', '12.345.678-91111', NULL, '+56912345678', 'diego@otrodev.cl', NULL, 'ACTIVE', '2025-10-25 05:05:24.433734+00', '2025-10-26 20:50:06.537006+00', NULL, NULL, NULL);









INSERT INTO public.reservations (id, user_id, org_id, pickup, destination, datetime, passengers, status, amount, notes, created_at, updated_at, assigned_driver_id, distance_km, arrived_on_time) VALUES ('RSV-1003', NULL, NULL, 'Oficina Central', 'Mina El Teniente', '2025-10-01 20:16:41.22488+00', 8, 'COMPLETADA', 250000.00, NULL, '2025-10-02 20:16:41.204462+00', '2025-10-02 20:16:41.204462+00', NULL, NULL, true);
INSERT INTO public.reservations (id, user_id, org_id, pickup, destination, datetime, passengers, status, amount, notes, created_at, updated_at, assigned_driver_id, distance_km, arrived_on_time) VALUES ('RSV-1001', '4323f59c-d1f4-4cff-a693-fb210a9d68a0', NULL, 'Hotel Miramar, Valparaíso', 'Aeropuerto SCL, Santiago', '2025-10-09 20:16:41.22488+00', 2, 'COMPLETADA', 120000.00, NULL, '2025-10-02 20:16:41.204462+00', '2025-10-11 01:29:50.88271+00', NULL, NULL, true);
INSERT INTO public.reservations (id, user_id, org_id, pickup, destination, datetime, passengers, status, amount, notes, created_at, updated_at, assigned_driver_id, distance_km, arrived_on_time) VALUES ('RSV-1002', '4323f59c-d1f4-4cff-a693-fb210a9d68a0', NULL, 'Hotel Andes, Santiago', 'Mall Costanera Center', '2025-10-03 20:16:41.22488+00', 4, 'COMPLETADA', 80000.00, NULL, '2025-10-02 20:16:41.204462+00', '2025-10-11 01:30:00.16094+00', NULL, NULL, true);
INSERT INTO public.reservations (id, user_id, org_id, pickup, destination, datetime, passengers, status, amount, notes, created_at, updated_at, assigned_driver_id, distance_km, arrived_on_time) VALUES ('RES001', '4999dcea-9508-4452-9c5a-bbaf201808ff', NULL, 'Aeropuerto SCL', 'Hotel Plaza', '2024-01-15 10:00:00+00', 2, 'COMPLETADA', NULL, NULL, '2025-10-24 04:48:27.822058+00', '2025-10-24 04:48:27.822058+00', 'DRV003', 15.50, true);
INSERT INTO public.reservations (id, user_id, org_id, pickup, destination, datetime, passengers, status, amount, notes, created_at, updated_at, assigned_driver_id, distance_km, arrived_on_time) VALUES ('RES002', '4999dcea-9508-4452-9c5a-bbaf201808ff', NULL, 'Hotel Plaza', 'Centro Comercial', '2024-01-16 14:30:00+00', 4, 'COMPLETADA', NULL, NULL, '2025-10-24 04:48:27.822058+00', '2025-10-24 04:48:27.822058+00', 'DRV003', 8.20, true);
INSERT INTO public.reservations (id, user_id, org_id, pickup, destination, datetime, passengers, status, amount, notes, created_at, updated_at, assigned_driver_id, distance_km, arrived_on_time) VALUES ('RES003', '4999dcea-9508-4452-9c5a-bbaf201808ff', NULL, 'Centro', 'Aeropuerto SCL', '2024-01-17 16:00:00+00', 1, 'COMPLETADA', NULL, NULL, '2025-10-24 04:48:27.822058+00', '2025-10-24 04:48:27.822058+00', 'DRV003', 12.80, false);
INSERT INTO public.reservations (id, user_id, org_id, pickup, destination, datetime, passengers, status, amount, notes, created_at, updated_at, assigned_driver_id, distance_km, arrived_on_time) VALUES ('RES004', '4999dcea-9508-4452-9c5a-bbaf201808ff', NULL, 'Hotel', 'Mall', '2024-01-18 09:00:00+00', 3, 'CANCELADA', NULL, NULL, '2025-10-24 04:48:27.822058+00', '2025-10-24 04:48:27.822058+00', 'DRV003', 5.50, true);
INSERT INTO public.reservations (id, user_id, org_id, pickup, destination, datetime, passengers, status, amount, notes, created_at, updated_at, assigned_driver_id, distance_km, arrived_on_time) VALUES ('RES005', '4999dcea-9508-4452-9c5a-bbaf201808ff', NULL, 'Aeropuerto SCL', 'Hotel', '2024-01-19 11:30:00+00', 2, 'COMPLETADA', NULL, NULL, '2025-10-24 04:48:27.822058+00', '2025-10-24 04:48:27.822058+00', 'DRV003', 18.30, true);
INSERT INTO public.reservations (id, user_id, org_id, pickup, destination, datetime, passengers, status, amount, notes, created_at, updated_at, assigned_driver_id, distance_km, arrived_on_time) VALUES ('RES006', '4999dcea-9508-4452-9c5a-bbaf201808ff', NULL, 'Centro', 'Aeropuerto SCL', '2024-01-20 08:00:00+00', 1, 'COMPLETADA', NULL, NULL, '2025-10-24 05:04:12.172471+00', '2025-10-24 05:04:12.172471+00', 'DRV001', 25.00, true);
INSERT INTO public.reservations (id, user_id, org_id, pickup, destination, datetime, passengers, status, amount, notes, created_at, updated_at, assigned_driver_id, distance_km, arrived_on_time) VALUES ('RES007', '4999dcea-9508-4452-9c5a-bbaf201808ff', NULL, 'Hotel', 'Mall', '2024-01-21 15:30:00+00', 2, 'COMPLETADA', NULL, NULL, '2025-10-24 05:04:12.172471+00', '2025-10-24 05:04:12.172471+00', 'DRV001', 12.50, true);
INSERT INTO public.reservations (id, user_id, org_id, pickup, destination, datetime, passengers, status, amount, notes, created_at, updated_at, assigned_driver_id, distance_km, arrived_on_time) VALUES ('RES008', '4999dcea-9508-4452-9c5a-bbaf201808ff', NULL, 'Aeropuerto SCL', 'Hotel', '2024-01-22 10:15:00+00', 3, 'CANCELADA', NULL, NULL, '2025-10-24 05:04:12.172471+00', '2025-10-24 05:04:12.172471+00', 'DRV001', 18.00, true);
INSERT INTO public.reservations (id, user_id, org_id, pickup, destination, datetime, passengers, status, amount, notes, created_at, updated_at, assigned_driver_id, distance_km, arrived_on_time) VALUES ('RES009', '4999dcea-9508-4452-9c5a-bbaf201808ff', NULL, 'Centro', 'Aeropuerto SCL', '2024-01-23 09:00:00+00', 2, 'COMPLETADA', NULL, NULL, '2025-10-24 05:04:12.172471+00', '2025-10-24 05:04:12.172471+00', 'DRV002', 22.00, false);
INSERT INTO public.reservations (id, user_id, org_id, pickup, destination, datetime, passengers, status, amount, notes, created_at, updated_at, assigned_driver_id, distance_km, arrived_on_time) VALUES ('RES010', '4999dcea-9508-4452-9c5a-bbaf201808ff', NULL, 'Hotel', 'Centro', '2024-01-24 14:00:00+00', 1, 'COMPLETADA', NULL, NULL, '2025-10-24 05:04:12.172471+00', '2025-10-24 05:04:12.172471+00', 'DRV002', 8.50, true);
INSERT INTO public.reservations (id, user_id, org_id, pickup, destination, datetime, passengers, status, amount, notes, created_at, updated_at, assigned_driver_id, distance_km, arrived_on_time) VALUES ('RSV-60893', NULL, NULL, 'prueba 1 11, Santiago, Región Metropolitana', 'prueba 2 222, La Florida, Región Metropolitana', '2025-10-17 03:07:00+00', 1, 'COMPLETADA', 80000.00, NULL, '2025-10-03 03:08:13.615634+00', '2025-10-24 05:24:04.683948+00', NULL, NULL, true);
INSERT INTO public.reservations (id, user_id, org_id, pickup, destination, datetime, passengers, status, amount, notes, created_at, updated_at, assigned_driver_id, distance_km, arrived_on_time) VALUES ('RSV-49188', NULL, NULL, 'C. la Cueca 1415, Quillota, Valparaíso, Chile', 'Av Costanera 4247, Renca, Región Metropolitana, Chile', '2025-10-25 02:19:00+00', 1, 'COMPLETADA', 80000.00, NULL, '2025-10-11 02:19:48.351063+00', '2025-10-25 01:23:34.307263+00', NULL, NULL, true);
INSERT INTO public.reservations (id, user_id, org_id, pickup, destination, datetime, passengers, status, amount, notes, created_at, updated_at, assigned_driver_id, distance_km, arrived_on_time) VALUES ('RSV-51289', NULL, NULL, 'Zañartu 2132, 7780299 Ñuñoa, Región Metropolitana, Chile', 'Aeropuerto SCL, Pudahuel, Región Metropolitana, Chile', '2025-10-31 02:53:00+00', 1, 'COMPLETADA', 80000.00, NULL, '2025-10-11 02:54:49.877111+00', '2025-10-25 01:23:34.307263+00', NULL, NULL, true);
INSERT INTO public.reservations (id, user_id, org_id, pickup, destination, datetime, passengers, status, amount, notes, created_at, updated_at, assigned_driver_id, distance_km, arrived_on_time) VALUES ('RSV-97960', NULL, NULL, 'C. la Cueca 1415, Quillota, Valparaíso, Chile', 'Av Costanera 4247, Renca, Región Metropolitana, Chile', '2025-11-13 13:12:00+00', 1, 'COMPLETADA', 25000.00, NULL, '2025-10-25 13:12:40.76775+00', '2025-10-25 19:59:10.210241+00', 'DRV-1761368724331', 15.50, true);
INSERT INTO public.reservations (id, user_id, org_id, pickup, destination, datetime, passengers, status, amount, notes, created_at, updated_at, assigned_driver_id, distance_km, arrived_on_time) VALUES ('RSV-23195', 'bfd6036f-b1c6-420c-b782-c1e7e918a27b', NULL, 'Test Origin', 'Test Destination', '2025-10-26 09:00:00+00', 1, 'ACTIVA', 120000.00, NULL, '2025-10-25 20:13:16.014498+00', '2025-10-25 20:13:16.014498+00', NULL, NULL, true);
INSERT INTO public.reservations (id, user_id, org_id, pickup, destination, datetime, passengers, status, amount, notes, created_at, updated_at, assigned_driver_id, distance_km, arrived_on_time) VALUES ('RSV-24509', 'bfd6036f-b1c6-420c-b782-c1e7e918a27b', NULL, 'Santiago Centro, Chile', 'Aeropuerto Arturo Merino Benítez, Santiago, Chile', '2025-10-26 20:35:08+00', 3, 'ACTIVA', 155000.00, 'Reserva desde prueba automática - Usuario pendiente de registro', '2025-10-25 20:35:09.211727+00', '2025-10-25 20:35:09.211727+00', NULL, 18.50, true);









INSERT INTO public.hotels (id, name, city, contact_email, created_at, updated_at) VALUES ('56e9a543-468d-4cf5-8d06-87e91c812a30', 'Hotel Miramar', 'Valparaíso', 'reservas@hotelmiramar.cl', '2025-10-02 20:16:41.204462+00', '2025-10-02 20:16:41.204462+00');
INSERT INTO public.hotels (id, name, city, contact_email, created_at, updated_at) VALUES ('32ebf7c0-b2e7-4fe1-b73a-5a10a76f58c1', 'Hotel Andes', 'Santiago', 'contacto@hotelandes.cl', '2025-10-02 20:16:41.204462+00', '2025-10-02 20:16:41.204462+00');
INSERT INTO public.hotels (id, name, city, contact_email, created_at, updated_at) VALUES ('284ed600-0f5d-49a5-a844-d1ee2ae25e09', 'Hotel Patagonia', 'Puerto Montt', 'info@hotelpatagonia.cl', '2025-10-02 20:16:41.204462+00', '2025-10-02 20:16:41.204462+00');






INSERT INTO public.payments (id, reservation_id, gateway, amount, currency, status, transaction_ref, payload, created_at) VALUES ('5ac4db94-90fa-4e23-aaaa-b02f5b278cce', 'RSV-1003', 'WEBPAY_PLUS', 250000.00, 'CLP', 'APPROVED', 'WP_1759436201', '{"vci": "TSY", "status": "AUTHORIZED"}', '2025-10-02 20:16:41.204462+00');



INSERT INTO public.refresh_tokens (id, user_id, token, expires_at, created_at) VALUES ('888e8078-862d-4ccf-8bf6-4d823f68982b', '4999dcea-9508-4452-9c5a-bbaf201808ff', '73efdb056953d0d3f68f65e5629d2c75c76deb85638babfc2b3e1316c1dbe2a1', '2025-10-09 20:39:12.341746+00', '2025-10-02 20:39:12.343234+00');
INSERT INTO public.refresh_tokens (id, user_id, token, expires_at, created_at) VALUES ('a5958f78-3219-4d77-a1d5-5b39c3b968bb', '4999dcea-9508-4452-9c5a-bbaf201808ff', '954ca769e3efb2ce4d2cebb92a964abaa2bfd0410aa43fc46945fd3c43d317f8', '2025-10-10 00:55:41.273781+00', '2025-10-03 00:55:41.273592+00');
INSERT INTO public.refresh_tokens (id, user_id, token, expires_at, created_at) VALUES ('e04a31d7-767e-4775-bd32-46fee4b58a56', '4999dcea-9508-4452-9c5a-bbaf201808ff', 'c483780262cb5bb3d3755061ae6243701d7da620d310f2c7f05eea156cde7219', '2025-10-10 01:34:18.742623+00', '2025-10-03 01:34:18.744166+00');
INSERT INTO public.refresh_tokens (id, user_id, token, expires_at, created_at) VALUES ('74dcbef5-b8ee-4b31-a773-6f5ed9ccb0d9', '4999dcea-9508-4452-9c5a-bbaf201808ff', '10fb34d30f0959a96090e83391cfb294b5330ffe5ba9dea1ad7c00d9d294215e', '2025-10-10 01:51:06.194806+00', '2025-10-03 01:51:06.195774+00');
INSERT INTO public.refresh_tokens (id, user_id, token, expires_at, created_at) VALUES ('1f5eef2e-9adf-4628-a26a-3a0df74e1973', '4999dcea-9508-4452-9c5a-bbaf201808ff', 'cf5e9a8dfb47ba77f2d04172b93ccdc62d56a26a2e3d52f706e9dbbce30f807c', '2025-10-10 02:06:29.472506+00', '2025-10-03 02:06:29.473491+00');
INSERT INTO public.refresh_tokens (id, user_id, token, expires_at, created_at) VALUES ('6c9ca5be-c52d-4515-8b3b-86b8bb146e5b', '4999dcea-9508-4452-9c5a-bbaf201808ff', '1963ea4fae8dd2bda464148f04484b794d5c820181cc757d88470d46df1fc6f2', '2025-10-10 02:23:03.973171+00', '2025-10-03 02:23:03.972545+00');
INSERT INTO public.refresh_tokens (id, user_id, token, expires_at, created_at) VALUES ('2e969c41-057c-49cf-b885-69748817bd02', '4999dcea-9508-4452-9c5a-bbaf201808ff', '59edb83abde8dc5bb4237eed4afcb2761b1089164fd117fd01f19252e97ba27a', '2025-10-10 02:54:00.271295+00', '2025-10-03 02:54:00.270417+00');
INSERT INTO public.refresh_tokens (id, user_id, token, expires_at, created_at) VALUES ('abde2bd0-64eb-4e1b-be58-c2f219d1f646', '4999dcea-9508-4452-9c5a-bbaf201808ff', '67096be0a53a690d7522c5d9468c5aa0bbeb9cacd289bd4a749abd5530d94884', '2025-10-10 03:16:34.428915+00', '2025-10-03 03:16:34.429511+00');
INSERT INTO public.refresh_tokens (id, user_id, token, expires_at, created_at) VALUES ('c99bf2ac-359b-44de-8bf9-4c821570f43d', '4999dcea-9508-4452-9c5a-bbaf201808ff', 'b0fcecf877b0983eb897eb062de3d57561208e28e82862e449a4ad675056404c', '2025-10-18 01:14:22.289027+00', '2025-10-11 01:14:22.289694+00');
INSERT INTO public.refresh_tokens (id, user_id, token, expires_at, created_at) VALUES ('83655d44-c443-40b5-977f-4f0376a26034', '4999dcea-9508-4452-9c5a-bbaf201808ff', '7f4ca630aab927a0eb9e92b7652e60209822096f999667852628c03f924b9d12', '2025-10-18 01:29:31.034107+00', '2025-10-11 01:29:31.035496+00');
INSERT INTO public.refresh_tokens (id, user_id, token, expires_at, created_at) VALUES ('e3761b2d-edbe-483d-ad9c-d9c0a92373c6', '4999dcea-9508-4452-9c5a-bbaf201808ff', '515c1474b713687019d073cd467d62e03b9bde61c4123a546c5af6c5d41993b1', '2025-10-18 02:56:02.36145+00', '2025-10-11 02:56:02.361933+00');
INSERT INTO public.refresh_tokens (id, user_id, token, expires_at, created_at) VALUES ('e8830b1f-eaf1-4840-8fe8-7a44bad9f82e', '4999dcea-9508-4452-9c5a-bbaf201808ff', '9e806743f645b14c884cc85b2ffcee58e96cf6118ac39c1356042d1b9afb8a5e', '2025-10-31 03:25:37.131321+00', '2025-10-24 03:25:37.133097+00');
INSERT INTO public.refresh_tokens (id, user_id, token, expires_at, created_at) VALUES ('c9d17b2d-b306-492d-9950-24cd5d03aadb', '4999dcea-9508-4452-9c5a-bbaf201808ff', 'f830af8d65d802fa2c35c45e3f6a595ae18e086116c0e6fb2f285fa298fbed2f', '2025-10-31 03:32:31.952758+00', '2025-10-24 03:32:31.95384+00');
INSERT INTO public.refresh_tokens (id, user_id, token, expires_at, created_at) VALUES ('a25f774e-17df-46cd-b108-7195ed4a8872', '4999dcea-9508-4452-9c5a-bbaf201808ff', 'cb1da0ece8eed7c3be4a69bcb445f81bcd1c154e51d6bf898be9baf4d831be51', '2025-10-31 03:44:09.798653+00', '2025-10-24 03:44:09.798692+00');
INSERT INTO public.refresh_tokens (id, user_id, token, expires_at, created_at) VALUES ('e30b13c8-8d46-44fe-8bf5-e2d7a2a0b90f', '4999dcea-9508-4452-9c5a-bbaf201808ff', '0b08d4498d942841db001ada8759952102c4d670b6c88f20a2506fafd9f62f0a', '2025-10-31 03:45:36.798512+00', '2025-10-24 03:45:36.801595+00');
INSERT INTO public.refresh_tokens (id, user_id, token, expires_at, created_at) VALUES ('0bb47bdd-bd64-4b1b-b096-a6c610cc2e2b', '4999dcea-9508-4452-9c5a-bbaf201808ff', '752b02292a9700d29fe412cdf5536e6f6fac3e8ceffdbd5cec767cde7e73791f', '2025-10-31 03:46:00.146589+00', '2025-10-24 03:46:00.146229+00');
INSERT INTO public.refresh_tokens (id, user_id, token, expires_at, created_at) VALUES ('367b1d33-60aa-4c02-94b4-858ac1fb3cbc', '4999dcea-9508-4452-9c5a-bbaf201808ff', '8dbc0b7e71c43a95582c66c1662110852f29fdf3b55e331d4450f5fa5420c6b0', '2025-10-31 04:22:05.444792+00', '2025-10-24 04:22:05.444696+00');
INSERT INTO public.refresh_tokens (id, user_id, token, expires_at, created_at) VALUES ('4c97f03a-6924-47fa-a3d5-46b0cede59ed', '4999dcea-9508-4452-9c5a-bbaf201808ff', 'b0868c4dbe242decbe6bfc84b398388e07b5bbc6b2f73a320c51f792faf55f08', '2025-10-31 04:25:52.315701+00', '2025-10-24 04:25:52.316148+00');
INSERT INTO public.refresh_tokens (id, user_id, token, expires_at, created_at) VALUES ('7da31644-2699-4f78-b313-99715745d829', '4999dcea-9508-4452-9c5a-bbaf201808ff', '061c5712db1f6d7843b2094c29bcd18972d2198d18af6e581694ce25f1837144', '2025-10-31 04:27:32.371557+00', '2025-10-24 04:27:32.372256+00');
INSERT INTO public.refresh_tokens (id, user_id, token, expires_at, created_at) VALUES ('75e54a69-d790-4a97-8781-f08da9e92406', '4999dcea-9508-4452-9c5a-bbaf201808ff', 'e312a282b5e3de9fc90097bcdcf48c0a3ddccac7f8834bd4a1b1c677f01fc896', '2025-10-31 04:28:04.584157+00', '2025-10-24 04:28:04.584837+00');
INSERT INTO public.refresh_tokens (id, user_id, token, expires_at, created_at) VALUES ('d9b8d858-7961-42fb-b86a-7ddfa7e61fd8', '4999dcea-9508-4452-9c5a-bbaf201808ff', '67d899afe4aebda55c935bd717f35def1e6387d4a44972c7c05a0bd0618e6e10', '2025-10-31 04:54:49.168712+00', '2025-10-24 04:54:49.168614+00');
INSERT INTO public.refresh_tokens (id, user_id, token, expires_at, created_at) VALUES ('1a343603-5886-4be9-ab38-94502958215b', '4999dcea-9508-4452-9c5a-bbaf201808ff', '021d1f2664a72fd034c35332d9ed3e342572bfe2e0dc66b58a55e4269c673f03', '2025-10-31 04:58:24.198399+00', '2025-10-24 04:58:24.198416+00');
INSERT INTO public.refresh_tokens (id, user_id, token, expires_at, created_at) VALUES ('35009ba1-ccd7-4210-8d07-a683c61837c5', '4999dcea-9508-4452-9c5a-bbaf201808ff', '101a6ef2bee949e58142f693d1e41cc89e5a78a17ec14faa27af30fd44b49646', '2025-10-31 04:59:49.455177+00', '2025-10-24 04:59:49.455934+00');
INSERT INTO public.refresh_tokens (id, user_id, token, expires_at, created_at) VALUES ('0f9e97db-7c5f-49c0-9cf8-8e5f4b85149e', '4999dcea-9508-4452-9c5a-bbaf201808ff', 'e8a6e5e13ef84c0a9f299b3738fee79cbcb8e194dc552342c6c0f1b9b210d750', '2025-10-31 05:04:36.328221+00', '2025-10-24 05:04:36.329828+00');
INSERT INTO public.refresh_tokens (id, user_id, token, expires_at, created_at) VALUES ('69f1bd0e-70da-438e-ab36-5aabd3418388', '4999dcea-9508-4452-9c5a-bbaf201808ff', '57f333bfb33be43bc93609b4edd7c4973846d5157523c90d11786d6e655bef6a', '2025-10-31 05:14:16.004283+00', '2025-10-24 05:14:16.004572+00');
INSERT INTO public.refresh_tokens (id, user_id, token, expires_at, created_at) VALUES ('088d98a6-10df-4e63-b0c7-7f65963d4515', '4999dcea-9508-4452-9c5a-bbaf201808ff', 'f2edc5324d31943a5cab73878bdcca87dc07ee40e70a12822e4e47f086786f5c', '2025-10-31 05:22:47.791604+00', '2025-10-24 05:22:47.792412+00');
INSERT INTO public.refresh_tokens (id, user_id, token, expires_at, created_at) VALUES ('6d06110c-c211-48f3-af1f-66baa4c21c43', '4999dcea-9508-4452-9c5a-bbaf201808ff', 'c58b9020904d32899151162d25ff3d5879c20e0c442b3efcd6b99b941734f704', '2025-10-31 05:33:05.091928+00', '2025-10-24 05:33:05.092219+00');
INSERT INTO public.refresh_tokens (id, user_id, token, expires_at, created_at) VALUES ('f59c641a-3276-4b47-ad67-50cc2ec057e6', '4999dcea-9508-4452-9c5a-bbaf201808ff', 'f943ae57b0876b0b3224c564a08ea3f36c6e4e43ac6a317678e9816e704093ee', '2025-10-31 05:33:38.253574+00', '2025-10-24 05:33:38.254991+00');
INSERT INTO public.refresh_tokens (id, user_id, token, expires_at, created_at) VALUES ('98efd6f0-8359-4182-bbef-bc639e773cac', '4999dcea-9508-4452-9c5a-bbaf201808ff', '033d880ffcd73eefb04a29ff45bc771b233d412aeb79e6c45f8d4bb94daa0956', '2025-10-31 05:33:43.395305+00', '2025-10-24 05:33:43.395127+00');
INSERT INTO public.refresh_tokens (id, user_id, token, expires_at, created_at) VALUES ('5ac64b8a-668b-4968-8094-6b6b68697275', '4999dcea-9508-4452-9c5a-bbaf201808ff', '623a997050ac82de8d5347bb9ff843a6e05f5b1161dab0f784b9092ede42acb3', '2025-10-31 05:33:48.403774+00', '2025-10-24 05:33:48.4033+00');
INSERT INTO public.refresh_tokens (id, user_id, token, expires_at, created_at) VALUES ('0667142f-17bd-42a7-a18a-66d9e6514a89', '4999dcea-9508-4452-9c5a-bbaf201808ff', '9138d9863daaf0c812fa3e31262d39d3c5925b2ad3cfef83b1e0284c73e9a6ee', '2025-10-31 05:34:33.789711+00', '2025-10-24 05:34:33.789416+00');
INSERT INTO public.refresh_tokens (id, user_id, token, expires_at, created_at) VALUES ('896a0077-758c-46af-a4e0-54719d092c99', '4999dcea-9508-4452-9c5a-bbaf201808ff', '552206dc245067739684e6c6a8a699c23ad9e74981dea8b6ee1d1ab712721fa6', '2025-10-31 05:34:40.176171+00', '2025-10-24 05:34:40.176159+00');
INSERT INTO public.refresh_tokens (id, user_id, token, expires_at, created_at) VALUES ('08f63e14-be4e-4ce6-bd50-3c219beb6ff5', '4999dcea-9508-4452-9c5a-bbaf201808ff', '0190d50b4f20e3e21e1aef352c69b746413a91eacaaf0b0b43d73972b1000e34', '2025-10-31 05:35:32.524746+00', '2025-10-24 05:35:32.527567+00');
INSERT INTO public.refresh_tokens (id, user_id, token, expires_at, created_at) VALUES ('232dc6a6-1405-42cc-b2f8-b77ce50c15ad', '4999dcea-9508-4452-9c5a-bbaf201808ff', '57fea6e05976ffcd8cb0ff896ea9178fad48e51b7052d4e96a1026b90c4585bc', '2025-10-31 05:37:41.003622+00', '2025-10-24 05:37:41.003933+00');
INSERT INTO public.refresh_tokens (id, user_id, token, expires_at, created_at) VALUES ('51fbdc78-5903-4803-a192-320f644220b4', '4999dcea-9508-4452-9c5a-bbaf201808ff', 'abbf6e8af012879854bd21d23449e77ecf5a3b717d9ba47686772721b169a4f5', '2025-11-01 03:30:09.012485+00', '2025-10-25 03:30:09.007083+00');
INSERT INTO public.refresh_tokens (id, user_id, token, expires_at, created_at) VALUES ('185b4c50-00ad-4f6f-90a4-c9c6b1927750', '4999dcea-9508-4452-9c5a-bbaf201808ff', 'cf1c3394dd80d781ebef54cbb63ae8788ece0ba90125ba045f93315053017df7', '2025-11-01 03:34:36.599343+00', '2025-10-25 03:34:36.600053+00');
INSERT INTO public.refresh_tokens (id, user_id, token, expires_at, created_at) VALUES ('53850baf-0a11-43bd-a382-aa9481d06d9e', '4999dcea-9508-4452-9c5a-bbaf201808ff', 'b4fb845db7a9d3ec29e683c2b582d0aee123b862724fc4e9ff69418f62fd852e', '2025-11-01 03:34:57.704962+00', '2025-10-25 03:34:57.70512+00');
INSERT INTO public.refresh_tokens (id, user_id, token, expires_at, created_at) VALUES ('d6c39937-27ca-4abc-88e9-2053999285c2', '4999dcea-9508-4452-9c5a-bbaf201808ff', '1a0e0aaaf7a126478448cc426ac58be1f60f3483788d0e79e3cf4edc7fe4622f', '2025-11-01 03:36:07.233542+00', '2025-10-25 03:36:07.234212+00');
INSERT INTO public.refresh_tokens (id, user_id, token, expires_at, created_at) VALUES ('3692691b-30a7-42d2-a7fc-912235aa411d', '4999dcea-9508-4452-9c5a-bbaf201808ff', '2309d442f9fc8eaeef3f5ec80d2d8ce7f9470e3792b1b81b8301dac68383fa9b', '2025-11-01 03:37:14.699635+00', '2025-10-25 03:37:14.694967+00');
INSERT INTO public.refresh_tokens (id, user_id, token, expires_at, created_at) VALUES ('143e809f-e4ce-4c3a-abb5-a0e6c84b9aec', '4999dcea-9508-4452-9c5a-bbaf201808ff', '66b152f977f8c05a56d48afe6ec083677811397987d2a40a899bf3d4234ea111', '2025-11-01 03:39:51.945478+00', '2025-10-25 03:39:51.942771+00');
INSERT INTO public.refresh_tokens (id, user_id, token, expires_at, created_at) VALUES ('41aa91fd-8f10-4384-8abd-0c9201061040', '4999dcea-9508-4452-9c5a-bbaf201808ff', '7cec45b25d20258be0db3203a945e378731bba4d2d99f836e425b931dfedffa0', '2025-11-01 03:40:26.766971+00', '2025-10-25 03:40:26.721185+00');
INSERT INTO public.refresh_tokens (id, user_id, token, expires_at, created_at) VALUES ('403a7fb1-5694-4a66-9c5a-fb7de248f427', '4999dcea-9508-4452-9c5a-bbaf201808ff', '2604ee7ff7ab86727bec21f4fcaab32aee54fe0e16c6e149082d46fb30da9699', '2025-11-01 03:46:12.758788+00', '2025-10-25 03:46:12.759412+00');
INSERT INTO public.refresh_tokens (id, user_id, token, expires_at, created_at) VALUES ('1d7b9e88-0653-42dd-9085-2bffab83462e', '4999dcea-9508-4452-9c5a-bbaf201808ff', '0bb9bb94546ae3bc509b24e4b16f13238743bbba6398614e1e4a7e364d05bda1', '2025-11-01 04:07:54.315305+00', '2025-10-25 04:07:54.315346+00');
INSERT INTO public.refresh_tokens (id, user_id, token, expires_at, created_at) VALUES ('f43d8cf3-3a4d-4d0c-8890-7b19a55bd6ed', '4999dcea-9508-4452-9c5a-bbaf201808ff', 'ce836c9067a1aba589393536da52162671f1a4a11e1604dd1d676e7c3d45bd67', '2025-11-01 04:13:39.638964+00', '2025-10-25 04:13:39.638655+00');
INSERT INTO public.refresh_tokens (id, user_id, token, expires_at, created_at) VALUES ('0d17cba3-b500-4a6d-88c4-cd1e235a52b0', '4999dcea-9508-4452-9c5a-bbaf201808ff', '6f698077c6f0e250dec3fabfedb90202b3a26eb0aa9b75523398186cf01d811d', '2025-11-01 04:21:52.990573+00', '2025-10-25 04:21:52.348719+00');
INSERT INTO public.refresh_tokens (id, user_id, token, expires_at, created_at) VALUES ('4de0824c-4727-4cd6-a604-ded341ae74d6', '4999dcea-9508-4452-9c5a-bbaf201808ff', '2ed5591d7d3f0f8c49ffd47a25749aab57c5ce82a90c43df47bd359d879f7c33', '2025-11-01 04:27:56.410611+00', '2025-10-25 04:27:56.411889+00');
INSERT INTO public.refresh_tokens (id, user_id, token, expires_at, created_at) VALUES ('85cc1170-f180-4483-8623-caf9b773c2d2', '4999dcea-9508-4452-9c5a-bbaf201808ff', '7089be6936f61b09e5c80c8cfca06227ab1436b5e28a20d1841ebe3bc43eee39', '2025-11-01 04:57:33.450451+00', '2025-10-25 04:57:33.452231+00');
INSERT INTO public.refresh_tokens (id, user_id, token, expires_at, created_at) VALUES ('2851e9e5-7e3b-4eeb-91af-52caa237923e', '4999dcea-9508-4452-9c5a-bbaf201808ff', '1c89873f4da5ca019365bcaffcc7fd95735ee6c630defd9391d7d7f9894f1b35', '2025-11-01 04:58:32.392527+00', '2025-10-25 04:58:32.392484+00');
INSERT INTO public.refresh_tokens (id, user_id, token, expires_at, created_at) VALUES ('6cebf078-4416-4ba1-9ebe-a4f959608af8', '4999dcea-9508-4452-9c5a-bbaf201808ff', 'd1458004219f831aa8b96e3a4a0b78c9ad098fc52a57365f230af088a5e10ba3', '2025-11-01 05:04:41.449215+00', '2025-10-25 05:04:41.451342+00');
INSERT INTO public.refresh_tokens (id, user_id, token, expires_at, created_at) VALUES ('401b7bd3-bedc-4f1b-954e-02faa6c1d926', 'bfd6036f-b1c6-420c-b782-c1e7e918a27b', '426b3e76a1ce5179bbc2ecc5fc2035530383f606730cd00c6932d70bd085b9bc', '2025-11-01 19:55:13.994144+00', '2025-10-25 19:55:13.997388+00');
INSERT INTO public.refresh_tokens (id, user_id, token, expires_at, created_at) VALUES ('5558f128-7c25-43b2-b8a8-aafbbe5df132', 'bfd6036f-b1c6-420c-b782-c1e7e918a27b', '61be51d50cfb225a177904dcaeaeb59960be37862e4c45b67a6efefebeba8e44', '2025-11-01 19:58:39.710206+00', '2025-10-25 19:58:39.710702+00');
INSERT INTO public.refresh_tokens (id, user_id, token, expires_at, created_at) VALUES ('09e9bf81-aaf5-4a79-a865-f13bf028bee7', '4999dcea-9508-4452-9c5a-bbaf201808ff', '5996215b2155bdc231c60454b1fc2bead88756b11542ac0cd2792f0906b9ad05', '2025-11-01 19:58:58.194354+00', '2025-10-25 19:58:58.194595+00');
INSERT INTO public.refresh_tokens (id, user_id, token, expires_at, created_at) VALUES ('236e725b-8588-4449-bdda-2417e58ca037', 'bfd6036f-b1c6-420c-b782-c1e7e918a27b', '0ef4c97f6302665da652d60e96be3a8c23f842c10b0823ad09492bae176d3ed1', '2025-11-01 20:07:00.007737+00', '2025-10-25 20:07:00.007233+00');
INSERT INTO public.refresh_tokens (id, user_id, token, expires_at, created_at) VALUES ('eee4bc9b-1528-4f67-a119-c916c4067214', 'bfd6036f-b1c6-420c-b782-c1e7e918a27b', 'dddf996ea52f252d3998e1c0b6eb325b553d82b8606330d605c591372dae3a98', '2025-11-01 20:13:10.39713+00', '2025-10-25 20:13:10.397912+00');
INSERT INTO public.refresh_tokens (id, user_id, token, expires_at, created_at) VALUES ('40926d30-3d48-4540-b236-7e6983b683c9', 'bfd6036f-b1c6-420c-b782-c1e7e918a27b', '2bfe9b8965b1c42bd6d0e7e548b002a283e572d7a88e2e2d3b85ef8070cce746', '2025-11-01 20:16:07.855236+00', '2025-10-25 20:16:07.855138+00');
INSERT INTO public.refresh_tokens (id, user_id, token, expires_at, created_at) VALUES ('141bc70e-59dd-41cb-a411-6298e80701e0', 'bfd6036f-b1c6-420c-b782-c1e7e918a27b', '466694f19e5d764019e72d0eba1756b5c7e8db16a7f63696e2ea56669283839b', '2025-11-01 20:16:41.86369+00', '2025-10-25 20:16:41.863546+00');
INSERT INTO public.refresh_tokens (id, user_id, token, expires_at, created_at) VALUES ('08114ec6-c1fc-498c-b5a5-3f60b70f9ee7', 'bfd6036f-b1c6-420c-b782-c1e7e918a27b', 'de310e4a96280632d3cfe7e0bef00e2ce47eeb9d7e172f639c20164968650199', '2025-11-01 20:17:01.775507+00', '2025-10-25 20:17:01.775219+00');
INSERT INTO public.refresh_tokens (id, user_id, token, expires_at, created_at) VALUES ('3e8ab57d-0197-4b9a-8123-d3e6fc9148cf', 'bfd6036f-b1c6-420c-b782-c1e7e918a27b', 'e033bd1a02bd072f576e65705fdc025ff9cec8d9d5ac64c2f5f58782a9826a4d', '2025-11-01 20:17:21.499794+00', '2025-10-25 20:17:21.499754+00');
INSERT INTO public.refresh_tokens (id, user_id, token, expires_at, created_at) VALUES ('6e0dd1e5-89ff-4037-b924-4a79d3ed4f96', 'bfd6036f-b1c6-420c-b782-c1e7e918a27b', 'df607adbbe460aa5078e4367ce36216df9aa8f775f72d4467bb4510ce36f13c0', '2025-11-01 20:18:08.827075+00', '2025-10-25 20:18:08.826562+00');
INSERT INTO public.refresh_tokens (id, user_id, token, expires_at, created_at) VALUES ('c340bb12-d694-422d-953c-50e3e9148d79', 'bfd6036f-b1c6-420c-b782-c1e7e918a27b', '4cffa77fa3070c1eddeac7ad9f15c43260bc2a4f6f02ba3a14c1d455081ee3e5', '2025-11-01 20:22:30.348431+00', '2025-10-25 20:22:30.348677+00');
INSERT INTO public.refresh_tokens (id, user_id, token, expires_at, created_at) VALUES ('9f917152-4b5a-422f-a810-9c4a6cec2304', 'bfd6036f-b1c6-420c-b782-c1e7e918a27b', '9d1a131aed1e236b34a1b9b54e736cfd8ded908e73c6b8a0146385a85f282821', '2025-11-01 20:32:04.135913+00', '2025-10-25 20:32:04.138552+00');
INSERT INTO public.refresh_tokens (id, user_id, token, expires_at, created_at) VALUES ('b8b103e2-f4cc-4bff-b3f6-beab9fdbc673', 'bfd6036f-b1c6-420c-b782-c1e7e918a27b', 'e3e8703e12edadbaade14265e7e602d591dec041254d0d1abbda410f77a192af', '2025-11-01 20:32:14.667481+00', '2025-10-25 20:32:14.6681+00');
INSERT INTO public.refresh_tokens (id, user_id, token, expires_at, created_at) VALUES ('e81554b8-6f28-4449-ae96-78d794bcf70b', 'bfd6036f-b1c6-420c-b782-c1e7e918a27b', 'e978991beb9219438e913c1730411df556506f40eee5e0dededa7e1dee9e6c1d', '2025-11-01 20:34:45.820434+00', '2025-10-25 20:34:45.822178+00');
INSERT INTO public.refresh_tokens (id, user_id, token, expires_at, created_at) VALUES ('de8f1085-e8a7-4da9-9107-d4848a1f62dc', 'bfd6036f-b1c6-420c-b782-c1e7e918a27b', 'e32835a42d3bdaf9507a150e1bd665ac08b3563826a1fce95e328d5facf99e33', '2025-11-01 20:35:09.072889+00', '2025-10-25 20:35:09.073161+00');
INSERT INTO public.refresh_tokens (id, user_id, token, expires_at, created_at) VALUES ('259d6592-c0be-497e-af5c-b5abd41ac121', 'bfd6036f-b1c6-420c-b782-c1e7e918a27b', '2872a7a85c16dae9a86f579e0b09b26917c82b57a56707c5ec85fdedc9ad69a7', '2025-11-01 20:35:09.199814+00', '2025-10-25 20:35:09.19979+00');
INSERT INTO public.refresh_tokens (id, user_id, token, expires_at, created_at) VALUES ('a5fcc2bd-fd48-4fd5-9a6f-dfb7c895bf26', '4999dcea-9508-4452-9c5a-bbaf201808ff', 'c9b4f26262fcd249752e4cd890215cd3324a64ce7d078f69839e92757830c0ed', '2025-11-02 17:09:08.778377+00', '2025-10-26 17:09:08.781219+00');



INSERT INTO public.registration_tokens (id, token, email, org_id, role, expires_at, used, created_at, company_profile) VALUES ('0bf4d9fb-4fbb-4ea3-9366-522d61c4986d', '59f04d08ecc64fcee1e292e3249de47c76aab077a10518d812a265ee93e02460', 'diego@otrodev.cl', '17a55804-4644-46ea-a28f-5c4efc8fbf67', 'COMPANY', '2025-10-04 02:37:48+00', true, '2025-10-03 02:37:48+00', NULL);
INSERT INTO public.registration_tokens (id, token, email, org_id, role, expires_at, used, created_at, company_profile) VALUES ('14e3891b-2331-4032-ae77-12cc2aff04b9', 'bc3d95d0e034b31f2aa81e17a567270c22927cdd95ba653061ff0e631bbcf452', 'djaramontenegro@gmail.com', '17a55804-4644-46ea-a28f-5c4efc8fbf67', 'COMPANY', '2025-10-04 04:39:11+00', true, '2025-10-03 04:39:11+00', 'COMPANY_USER');
INSERT INTO public.registration_tokens (id, token, email, org_id, role, expires_at, used, created_at, company_profile) VALUES ('56d51055-b519-4a55-9b32-9fc09426cbd1', 'c9dc9b7f42b5878d35502df01e5936d9243d13409fb202036b8beaa743e0568e', 'diego@otrodev.cl', NULL, 'USER', '2025-10-12 01:30:41+00', true, '2025-10-11 01:30:41+00', NULL);
INSERT INTO public.registration_tokens (id, token, email, org_id, role, expires_at, used, created_at, company_profile) VALUES ('8db6516b-d189-41d9-800c-1cef6e848c39', '49d411b9-b001-4240-a8a2-515afc4b69d4', 'final@test.com', NULL, 'DRIVER', '2025-10-26 03:37:20+00', false, '2025-10-25 03:37:20+00', NULL);
INSERT INTO public.registration_tokens (id, token, email, org_id, role, expires_at, used, created_at, company_profile) VALUES ('3be8a9a7-30f5-4e54-9e94-71e5fce0e87f', '33aa4ec3-7e3d-491d-b01b-f5c5053a7da6', 'token@test.com', NULL, 'DRIVER', '2025-10-26 03:39:57+00', false, '2025-10-25 03:39:57+00', NULL);
INSERT INTO public.registration_tokens (id, token, email, org_id, role, expires_at, used, created_at, company_profile) VALUES ('1867db91-496d-4d07-a3ff-386d7f118a65', 'b8c6ea0f-a723-4de6-b0db-468f5f34e11c', 'token@debug.com', NULL, 'DRIVER', '2025-10-26 03:40:33+00', false, '2025-10-25 03:40:33+00', NULL);
INSERT INTO public.registration_tokens (id, token, email, org_id, role, expires_at, used, created_at, company_profile) VALUES ('8f85f89b-5c38-4fc3-8dc0-aab36788988f', 'a3539cb2-37de-4f7f-996b-00ea9c246d6c', 'test@complete.com', NULL, 'DRIVER', '2025-10-26 03:46:20+00', true, '2025-10-25 03:46:20+00', NULL);
INSERT INTO public.registration_tokens (id, token, email, org_id, role, expires_at, used, created_at, company_profile) VALUES ('8d56bc65-6957-4916-947a-d55085d0e06a', 'd0482ff2-7a59-4db8-8cdc-bb4e10a83365', 'djaramontenegro@gmail.com', NULL, 'DRIVER', '2025-10-26 03:43:13+00', true, '2025-10-25 03:43:13+00', NULL);
INSERT INTO public.registration_tokens (id, token, email, org_id, role, expires_at, used, created_at, company_profile) VALUES ('3e4e5688-5e31-432e-9ffe-da23c5f5f7b1', '22806931-8e2f-473f-9189-b22cbce44d05', 'djaramontenegro@gmail.com', NULL, 'DRIVER', '2025-10-26 04:08:06+00', false, '2025-10-25 04:08:06+00', NULL);
INSERT INTO public.registration_tokens (id, token, email, org_id, role, expires_at, used, created_at, company_profile) VALUES ('61daaecc-d906-4440-a920-b350494718e2', '8f55fdd3-123e-4ce8-8bf2-51f1b98b0123', 'djaramontenegro@gmail.com', NULL, 'DRIVER', '2025-10-26 04:15:37+00', false, '2025-10-25 04:15:37+00', NULL);
INSERT INTO public.registration_tokens (id, token, email, org_id, role, expires_at, used, created_at, company_profile) VALUES ('b7de5919-455b-4257-997c-593d04b49188', '328e6ab9-692b-427b-aea6-623941d249d8', 'djaramontenegro@gmail.com', NULL, 'DRIVER', '2025-10-26 04:23:06+00', false, '2025-10-25 04:23:06+00', NULL);
INSERT INTO public.registration_tokens (id, token, email, org_id, role, expires_at, used, created_at, company_profile) VALUES ('264a9590-61d6-4300-812c-29b179eff9aa', '848e23fb-263b-4e48-b53f-8ca0fb825829', 'diego@otrodev.cl', NULL, 'DRIVER', '2025-10-26 04:53:20+00', true, '2025-10-25 04:53:20+00', NULL);
INSERT INTO public.registration_tokens (id, token, email, org_id, role, expires_at, used, created_at, company_profile) VALUES ('08903b19-26e5-4e1b-ad47-ed783db3020b', 'bb170c20-d444-499a-bfb4-182fe07768b2', 'diego@otrodev.cl', NULL, 'DRIVER', '2025-10-26 05:05:24+00', true, '2025-10-25 05:05:24+00', NULL);
INSERT INTO public.registration_tokens (id, token, email, org_id, role, expires_at, used, created_at, company_profile) VALUES ('3dedeb2d-c465-4b25-b812-5c894651d92d', '27bd14d2a2f14066c26d9d9c14d0437f97f974682919e92fc63506f39d2201c1', 'djaramontenegro@gmail.com', NULL, 'USER', '2025-10-26 13:00:58+00', true, '2025-10-25 13:00:58+00', NULL);
INSERT INTO public.registration_tokens (id, token, email, org_id, role, expires_at, used, created_at, company_profile) VALUES ('747f5926-58e5-47d3-ad1b-800f974cf353', '85a811a1b1f30cf19cfe12508dfe031c6666e1be49990056795bbeceb0a08d0d', 'djaramontenegro@gmail.com', NULL, 'USER', '2025-10-26 13:09:21+00', true, '2025-10-25 13:09:21+00', NULL);
INSERT INTO public.registration_tokens (id, token, email, org_id, role, expires_at, used, created_at, company_profile) VALUES ('8cd7e50d-7df9-474d-bede-a62243e49993', '017aee037cccfd3335eebe34fcd5571e853648db556e1428f2668550c8291094', 'test1761423441@example.com', NULL, 'USER', '2025-10-26 20:17:21+00', false, '2025-10-25 20:17:21+00', NULL);
INSERT INTO public.registration_tokens (id, token, email, org_id, role, expires_at, used, created_at, company_profile) VALUES ('de8a29eb-d20d-4352-b325-61618f39360d', '8b732c63365084df78702a27d6a809e790ed2e451e1179566073cdd99b41d7cc', 'test.pago1761423488@example.com', NULL, 'USER', '2025-10-26 20:18:08+00', false, '2025-10-25 20:18:08+00', NULL);
INSERT INTO public.registration_tokens (id, token, email, org_id, role, expires_at, used, created_at, company_profile) VALUES ('b4efa648-df23-464b-87c4-eff3eafd6374', 'eaac2eaded16b1417586ef7c192778b3b0ca80e47e1caf5ff4bcf35d9c062dde', 'test.pago1761423750@example.com', NULL, 'USER', '2025-10-26 20:22:30+00', false, '2025-10-25 20:22:30+00', NULL);
INSERT INTO public.registration_tokens (id, token, email, org_id, role, expires_at, used, created_at, company_profile) VALUES ('574e27e4-257a-4601-a535-9a1d3a72754c', '3d12277e299262724d99f40bfd1a21cb06d9541076c0e1e6dd4f2a3ed3879aae', 'test.reserva.pendiente1761424318@example.com', NULL, 'USER', '2025-10-26 20:31:58+00', false, '2025-10-25 20:31:58+00', NULL);






INSERT INTO public.reservation_timeline (id, reservation_id, title, description, at, variant, created_at) VALUES ('c9309088-40c7-4d71-b399-ac2133734e33', 'RSV-1001', 'Reserva creada', 'La reserva ha sido creada exitosamente', '2025-10-01 20:16:41.226742+00', 'success', '2025-10-02 20:16:41.204462+00');
INSERT INTO public.reservation_timeline (id, reservation_id, title, description, at, variant, created_at) VALUES ('f26bfcee-a467-417e-8e10-51aa76766fb4', 'RSV-1002', 'Reserva creada', 'La reserva ha sido creada exitosamente', '2025-10-01 20:16:41.228468+00', 'success', '2025-10-02 20:16:41.204462+00');
INSERT INTO public.reservation_timeline (id, reservation_id, title, description, at, variant, created_at) VALUES ('732af19f-674d-4f15-8d05-7a4d6d5f4b65', 'RSV-1002', 'Reserva programada', 'La reserva ha sido programada', '2025-10-02 08:16:41.228469+00', 'info', '2025-10-02 20:16:41.204462+00');
INSERT INTO public.reservation_timeline (id, reservation_id, title, description, at, variant, created_at) VALUES ('8be9278d-5fd1-4333-a68f-344da0ea3cba', 'RSV-1003', 'Reserva creada', 'La reserva ha sido creada exitosamente', '2025-10-01 20:16:41.231913+00', 'success', '2025-10-02 20:16:41.204462+00');
INSERT INTO public.reservation_timeline (id, reservation_id, title, description, at, variant, created_at) VALUES ('b5bf4775-bca2-4088-8e74-c89f5e94c2e2', 'RSV-1003', 'Reserva programada', 'La reserva ha sido programada', '2025-10-02 08:16:41.231914+00', 'info', '2025-10-02 20:16:41.204462+00');
INSERT INTO public.reservation_timeline (id, reservation_id, title, description, at, variant, created_at) VALUES ('247b6c2b-aa85-4b94-8b03-e2c1dda1d17c', 'RSV-1003', 'Servicio completado', 'El servicio ha sido completado exitosamente', '2025-10-02 19:16:41.231914+00', 'success', '2025-10-02 20:16:41.204462+00');
INSERT INTO public.reservation_timeline (id, reservation_id, title, description, at, variant, created_at) VALUES ('c3ee4a4c-d588-4514-8ec5-a4932714905f', 'RSV-24509', 'Reserva creada', 'La reserva ha sido creada exitosamente', '2025-10-25 20:35:09.213818+00', 'success', '2025-10-25 20:35:09.214069+00');



INSERT INTO public.schema_migrations (version, dirty) VALUES (10, false);



INSERT INTO public.vehicles (id, driver_id, type, brand, model, year, plate, vin, color, insurance_policy, insurance_expires_at, inspection_expires_at, created_at, updated_at, status, capacity) VALUES ('550e8400-e29b-41d4-a716-446655440002', NULL, 'VAN', 'Ford', 'Transit', 2022, 'DEF-456', 'VIN987654321', 'Azul', NULL, NULL, NULL, '2025-10-24 03:40:37.208684+00', '2025-10-24 03:40:37.208684+00', 'AVAILABLE', 12);
INSERT INTO public.vehicles (id, driver_id, type, brand, model, year, plate, vin, color, insurance_policy, insurance_expires_at, inspection_expires_at, created_at, updated_at, status, capacity) VALUES ('550e8400-e29b-41d4-a716-446655440003', NULL, 'SEDAN', 'Toyota', 'Camry', 2023, 'GHI-789', 'VIN456789123', 'Negro', NULL, NULL, NULL, '2025-10-24 03:40:37.208684+00', '2025-10-24 03:40:37.208684+00', 'AVAILABLE', 4);
INSERT INTO public.vehicles (id, driver_id, type, brand, model, year, plate, vin, color, insurance_policy, insurance_expires_at, inspection_expires_at, created_at, updated_at, status, capacity) VALUES ('550e8400-e29b-41d4-a716-446655440004', NULL, 'SUV', 'Nissan', 'Pathfinder', 2023, 'JKL-012', 'VIN111222333', 'Gris', NULL, NULL, NULL, '2025-10-24 03:40:37.208684+00', '2025-10-24 03:40:37.208684+00', 'AVAILABLE', 7);
INSERT INTO public.vehicles (id, driver_id, type, brand, model, year, plate, vin, color, insurance_policy, insurance_expires_at, inspection_expires_at, created_at, updated_at, status, capacity) VALUES ('550e8400-e29b-41d4-a716-446655440001', 'DRV-1761368724331', 'BUS', 'Mercedes', 'Sprinter', 2023, 'ABC-123', 'VIN123456789', 'Blanco', NULL, NULL, NULL, '2025-10-24 03:40:37.208684+00', '2025-10-26 18:31:50.344484+00', 'ASSIGNED', 20);






SELECT pg_catalog.setval('public.migrations_id_seq', 1, false);




